{"cameraMode":{"drawMode":0,"name":"Shaded","section":"Shading Mode"},"sceneLighting":false,"audioPlay":false,"sceneViewState":{"m_AlwaysRefresh":false,"showFog":true,"showSkybox":false,"showFlares":true,"showImageEffects":true,"showParticleSystems":true,"showVisualEffectGraphs":true,"m_FxEnabled":true},"in2DMode":false,"pivot":{"x":-2.3060107231140138,"y":4.465590953826904,"z":3.3713340759277345},"rotation":{"x":-0.12144430726766586,"y":-0.03265340253710747,"z":0.003997918218374252,"w":-0.9920677542686462},"size":6.1222920417785648,"orthographic":false}